,entity,classes
0,DBPEDIA_ID/Darwin_Angeles,"Person,Athlete,Boxer,Agent,AmateurBoxer"
1,DBPEDIA_ID/Mansueto_Velasco,"Person,Athlete,Boxer,Agent,AmateurBoxer"
2,DBPEDIA_ID/Rafael_Ramos_(boxer),"Person,Athlete,Boxer,Agent,AmateurBoxer"
3,DBPEDIA_ID/Olle_Tandberg,"Person,Athlete,Boxer,Agent,AmateurBoxer"
4,DBPEDIA_ID/Ariel_Hernández_(boxer),"Person,Athlete,Boxer,Agent,AmateurBoxer"
5,DBPEDIA_ID/Csaba_Kuzma,"Person,Athlete,Boxer,Agent,AmateurBoxer"
6,DBPEDIA_ID/Gabriel_Hernández_(boxer),"Person,Athlete,Boxer,Agent,AmateurBoxer"
7,DBPEDIA_ID/Jean-François_Bergeron_(boxer),"Person,Athlete,Boxer,Agent,AmateurBoxer"
8,DBPEDIA_ID/Nabil_Kassel,"Person,Athlete,Boxer,Agent,AmateurBoxer"
9,DBPEDIA_ID/Pál_Lakatos,"Person,Athlete,Boxer,Agent,AmateurBoxer"
10,DBPEDIA_ID/Tervel_Pulev,"Person,Athlete,Boxer,Agent,AmateurBoxer"
11,DBPEDIA_ID/Detelin_Dalakliev,"Person,Athlete,Boxer,Agent,AmateurBoxer"
12,DBPEDIA_ID/Angus_Shelford,"Person,Athlete,Boxer,Agent,AmateurBoxer"
13,DBPEDIA_ID/Japhet_Uutoni,"Person,Athlete,Boxer,Agent,AmateurBoxer"
14,DBPEDIA_ID/Billy_Ward_(boxer),"Person,Athlete,Boxer,Agent,AmateurBoxer"
15,DBPEDIA_ID/Luke_Jackson_(boxer),"Person,Athlete,Boxer,Agent,AmateurBoxer"
16,DBPEDIA_ID/Mebarek_Soltani,"Person,Athlete,Boxer,Agent,AmateurBoxer"
17,DBPEDIA_ID/Joseph_Marwa,"Person,Athlete,Boxer,Agent,AmateurBoxer"
18,DBPEDIA_ID/Robert_Carmody,"Person,Athlete,Boxer,Agent,AmateurBoxer"
19,DBPEDIA_ID/Viktar_Zuyev,"Person,Athlete,Boxer,Agent,AmateurBoxer"
20,DBPEDIA_ID/Viktor_Polyakov,"Person,Athlete,Boxer,Agent,AmateurBoxer"
21,DBPEDIA_ID/Henryk_Średnicki,"Person,Athlete,Boxer,Agent,AmateurBoxer"
22,DBPEDIA_ID/Jean-Louis_Mandengue,"Person,Athlete,Boxer,Agent,AmateurBoxer"
23,DBPEDIA_ID/Kurt_Sinette,"Person,Athlete,Boxer,Agent,AmateurBoxer"
24,DBPEDIA_ID/Khumiso_Ikgopoleng,"Person,Athlete,Boxer,Agent,AmateurBoxer"
25,DBPEDIA_ID/Oleg_Saitov,"Person,Athlete,Boxer,Agent,AmateurBoxer"
26,DBPEDIA_ID/Ahmed_Ismail_El_Shamy,"Person,Athlete,Boxer,Agent,AmateurBoxer"
27,DBPEDIA_ID/Elchin_Alizade,"Person,Athlete,Boxer,Agent,AmateurBoxer"
28,DBPEDIA_ID/Katsuaki_Susa,"Person,Athlete,Boxer,Agent,AmateurBoxer"
29,DBPEDIA_ID/Olli_Mäki,"Person,Athlete,Boxer,Agent,AmateurBoxer"
30,DBPEDIA_ID/Rustam_Saidov,"Person,Athlete,Boxer,Agent,AmateurBoxer"
31,DBPEDIA_ID/Atagün_Yalçınkaya,"Person,Athlete,Boxer,Agent,AmateurBoxer"
32,DBPEDIA_ID/Jorge_Hernández_(boxer),"Person,Athlete,Boxer,Agent,AmateurBoxer"
33,DBPEDIA_ID/Stefan_Ström,"Person,Athlete,Boxer,Agent,AmateurBoxer"
34,DBPEDIA_ID/Daniel_Petrov,"Person,Athlete,Boxer,Agent,AmateurBoxer"
35,DBPEDIA_ID/Andrew_Kooner,"Person,Athlete,Boxer,Agent,AmateurBoxer"
36,DBPEDIA_ID/Svilen_Rusinov,"Person,Athlete,Boxer,Agent,AmateurBoxer"
37,DBPEDIA_ID/János_Kajdi,"Person,Athlete,Boxer,Agent,AmateurBoxer"
38,DBPEDIA_ID/Antony_Fowler,"Person,Athlete,Boxer,Agent,AmateurBoxer"
39,DBPEDIA_ID/Nauman_Karim,"Person,Athlete,Boxer,Agent,AmateurBoxer"
40,DBPEDIA_ID/Rafael_Lozano,"Person,Athlete,Boxer,Agent,AmateurBoxer"
41,DBPEDIA_ID/Roman_Kapitonenko,"Person,Athlete,Boxer,Agent,AmateurBoxer"
42,DBPEDIA_ID/György_Mizsei,"Person,Athlete,Boxer,Agent,AmateurBoxer"
43,DBPEDIA_ID/France_Mabiletsa,"Person,Athlete,Boxer,Agent,AmateurBoxer"
44,DBPEDIA_ID/Mohamed_Bahari,"Person,Athlete,Boxer,Agent,AmateurBoxer"
45,DBPEDIA_ID/Alfredo_Duvergel,"Person,Athlete,Boxer,Agent,AmateurBoxer"
46,DBPEDIA_ID/Torsten_Schmitz,"Person,Athlete,Boxer,Agent,AmateurBoxer"
47,DBPEDIA_ID/Hu_Qing,"Person,Athlete,Boxer,Agent,AmateurBoxer"
48,DBPEDIA_ID/Nicola_Adams,"Person,Athlete,Boxer,Agent,AmateurBoxer"
49,DBPEDIA_ID/Orlando_Martínez,"Person,Athlete,Boxer,Agent,AmateurBoxer"
50,DBPEDIA_ID/Art_Oliver,"Person,Athlete,Boxer,Agent,AmateurBoxer"
51,DBPEDIA_ID/Luis_González_(boxer),"Person,Athlete,Boxer,Agent,AmateurBoxer"
52,DBPEDIA_ID/Suleiman_Bilali,"Person,Athlete,Boxer,Agent,AmateurBoxer"
53,DBPEDIA_ID/Manuel_Mantilla,"Person,Athlete,Boxer,Agent,AmateurBoxer"
54,DBPEDIA_ID/Aybek_Abdymomunov,"Person,Athlete,Boxer,Agent,AmateurBoxer"
55,DBPEDIA_ID/Hocine_Soltani,"Person,Athlete,Boxer,Agent,AmateurBoxer"
56,DBPEDIA_ID/Yakup_Kılıç,"Person,Athlete,Boxer,Agent,AmateurBoxer"
57,DBPEDIA_ID/Yang_Xiangzhong,"Person,Athlete,Boxer,Agent,AmateurBoxer"
58,DBPEDIA_ID/Arturo_Santos_Reyes,"Person,Athlete,Boxer,Agent,AmateurBoxer"
59,DBPEDIA_ID/Enrico_Kölling,"Person,Athlete,Boxer,Agent,AmateurBoxer"
60,DBPEDIA_ID/Gilberto_Carrillo,"Person,Athlete,Boxer,Agent,AmateurBoxer"
61,DBPEDIA_ID/Héctor_Vinent,"Person,Athlete,Boxer,Agent,AmateurBoxer"
62,DBPEDIA_ID/Joseph_Jermia,"Person,Athlete,Boxer,Agent,AmateurBoxer"
63,DBPEDIA_ID/Kanat_Islam,"Person,Athlete,Boxer,Agent,AmateurBoxer"
64,DBPEDIA_ID/Karl_Dargan,"Person,Athlete,Boxer,Agent,AmateurBoxer"
65,DBPEDIA_ID/Lars_Myrberg,"Person,Athlete,Boxer,Agent,AmateurBoxer"
66,DBPEDIA_ID/Siegfried_Mehnert,"Person,Athlete,Boxer,Agent,AmateurBoxer"
67,DBPEDIA_ID/Alfred_Tetteh,"Person,Athlete,Boxer,Agent,AmateurBoxer"
68,DBPEDIA_ID/Magomedrasul_Majidov,"Person,Athlete,Boxer,Agent,AmateurBoxer"
69,DBPEDIA_ID/Raimkul_Malakhbekov,"Person,Athlete,Boxer,Agent,AmateurBoxer"
70,DBPEDIA_ID/Enrique_Carrión,"Person,Athlete,Boxer,Agent,AmateurBoxer"
71,DBPEDIA_ID/Nick_Okoth,"Person,Athlete,Boxer,Agent,AmateurBoxer"
72,DBPEDIA_ID/Abdul_Rashid_Qambrani,"Person,Athlete,Boxer,Agent,AmateurBoxer"
73,DBPEDIA_ID/Jo_Seok-hwan,"Person,Athlete,Boxer,Agent,AmateurBoxer"
74,DBPEDIA_ID/Savannah_Marshall,"Person,Athlete,Boxer,Agent,AmateurBoxer"
75,DBPEDIA_ID/Osmay_Acosta,"Person,Athlete,Boxer,Agent,AmateurBoxer"
76,DBPEDIA_ID/Claudio_Rîșco,"Person,Athlete,Boxer,Agent,AmateurBoxer"
77,DBPEDIA_ID/Mehdi_Assous,"Person,Athlete,Boxer,Agent,AmateurBoxer"
78,DBPEDIA_ID/Samuel_Maxwell_(boxer),"Person,Athlete,Boxer,Agent,AmateurBoxer"
79,DBPEDIA_ID/Efetobor_Wesley_Apochi,"Person,Athlete,Boxer,Agent,AmateurBoxer"
80,DBPEDIA_ID/Meng_Fanlong,"Person,Athlete,Boxer,Agent,AmateurBoxer"
81,DBPEDIA_ID/Károly_Balzsay,"Person,Athlete,Boxer,Agent,AmateurBoxer"
82,DBPEDIA_ID/Lee_Ok-sung,"Person,Athlete,Boxer,Agent,AmateurBoxer"
83,DBPEDIA_ID/Moon_Sung-kil,"Person,Athlete,Boxer,Agent,AmateurBoxer"
84,DBPEDIA_ID/Richard_Santiago,"Person,Athlete,Boxer,Agent,AmateurBoxer"
85,DBPEDIA_ID/Roberto_Balado,"Person,Athlete,Boxer,Agent,AmateurBoxer"
86,DBPEDIA_ID/Vahdettin_İşsever,"Person,Athlete,Boxer,Agent,AmateurBoxer"
87,DBPEDIA_ID/Nurhan_Süleymanoğlu,"Person,Athlete,Boxer,Agent,AmateurBoxer"
88,DBPEDIA_ID/Ceferino_Labarda,"Person,Athlete,Boxer,Agent,AmateurBoxer"
89,DBPEDIA_ID/Ionuț_Gheorghe,"Person,Athlete,Boxer,Agent,AmateurBoxer"
90,DBPEDIA_ID/Arkhom_Chenglai,"Person,Athlete,Boxer,Agent,AmateurBoxer"
91,DBPEDIA_ID/Gilbert_Khunwane,"Person,Athlete,Boxer,Agent,AmateurBoxer"
92,DBPEDIA_ID/Somjit_Jongjohor,"Person,Athlete,Boxer,Agent,AmateurBoxer"
93,DBPEDIA_ID/Dhawee_Umponmaha,"Person,Athlete,Boxer,Agent,AmateurBoxer"
94,DBPEDIA_ID/Lorenzo_Aragón,"Person,Athlete,Boxer,Agent,AmateurBoxer"
95,DBPEDIA_ID/Phajol_Moolsan,"Person,Athlete,Boxer,Agent,AmateurBoxer"
96,DBPEDIA_ID/Richard_Igbineghu,"Person,Athlete,Boxer,Agent,AmateurBoxer"
97,DBPEDIA_ID/Vichairachanon_Khadpo,"Person,Athlete,Boxer,Agent,AmateurBoxer"
98,DBPEDIA_ID/Abbos_Atoev,"Person,Athlete,Boxer,Agent,AmateurBoxer"
99,DBPEDIA_ID/Thato_Batshegi,"Person,Athlete,Boxer,Agent,AmateurBoxer"
100,DBPEDIA_ID/Vladislav_Neiman,"Person,Athlete,Boxer,Agent,AmateurBoxer"
101,DBPEDIA_ID/Fazil_Kaggwa,"Person,Athlete,Boxer,Agent,AmateurBoxer"
102,DBPEDIA_ID/Adolfo_Horta,"Person,Athlete,Boxer,Agent,AmateurBoxer"
103,DBPEDIA_ID/Howard_Grant_(boxer),"Person,Athlete,Boxer,Agent,AmateurBoxer"
104,DBPEDIA_ID/Argenis_Casimiro_Núñez,"Person,Athlete,Boxer,Agent,AmateurBoxer"
105,DBPEDIA_ID/Benamar_Meskine,"Person,Athlete,Boxer,Agent,AmateurBoxer"
106,DBPEDIA_ID/Liu_Yuan_(boxer),"Person,Athlete,Boxer,Agent,AmateurBoxer"
107,DBPEDIA_ID/Suriya_Prasathinphimai,"Person,Athlete,Boxer,Agent,AmateurBoxer"
108,DBPEDIA_ID/Édgar_Velásquez,"Person,Athlete,Boxer,Agent,AmateurBoxer"
109,DBPEDIA_ID/Alisher_Rahimov,"Person,Athlete,Boxer,Agent,AmateurBoxer"
110,DBPEDIA_ID/Manuel_Vilchez,"Person,Athlete,Boxer,Agent,AmateurBoxer"
111,DBPEDIA_ID/Ramaz_Paliani,"Person,Athlete,Boxer,Agent,AmateurBoxer"
112,DBPEDIA_ID/Sherzod_Husanov,"Person,Athlete,Boxer,Agent,AmateurBoxer"
113,DBPEDIA_ID/Viktor_Ulyanich,"Person,Athlete,Boxer,Agent,AmateurBoxer"
114,DBPEDIA_ID/Aghasi_Mammadov,"Person,Athlete,Boxer,Agent,AmateurBoxer"
115,DBPEDIA_ID/Alfonso_Blanco_(boxer),"Person,Athlete,Boxer,Agent,AmateurBoxer"
116,DBPEDIA_ID/Effiong_Okon,"Person,Athlete,Boxer,Agent,AmateurBoxer"
117,DBPEDIA_ID/Emilio_Correa_(boxer_born_1953),"Person,Athlete,Boxer,Agent,AmateurBoxer"
118,DBPEDIA_ID/Rogelio_Marcelo,"Person,Athlete,Boxer,Agent,AmateurBoxer"
119,DBPEDIA_ID/Vilmos_Balog,"Person,Athlete,Boxer,Agent,AmateurBoxer"
120,DBPEDIA_ID/Evgeny_Makarenko,"Person,Athlete,Boxer,Agent,AmateurBoxer"
121,DBPEDIA_ID/Aleksandar_Khristov,"Person,Athlete,Boxer,Agent,AmateurBoxer"
122,DBPEDIA_ID/Ibrahim_Balla,"Person,Athlete,Boxer,Agent,AmateurBoxer"
123,DBPEDIA_ID/Jochen_Bachfeld,"Person,Athlete,Boxer,Agent,AmateurBoxer"
124,DBPEDIA_ID/Mark_Simmons_(boxer),"Person,Athlete,Boxer,Agent,AmateurBoxer"
125,DBPEDIA_ID/Mekhak_Ghazaryan,"Person,Athlete,Boxer,Agent,AmateurBoxer"
126,DBPEDIA_ID/Oleh_Kyryukhin,"Person,Athlete,Boxer,Agent,AmateurBoxer"
127,DBPEDIA_ID/Paea_Wolfgramm,"Person,Athlete,Boxer,Agent,AmateurBoxer"
128,DBPEDIA_ID/Peter_Baláž_(boxer),"Person,Athlete,Boxer,Agent,AmateurBoxer"
129,DBPEDIA_ID/Peter_Wakefield_(boxer),"Person,Athlete,Boxer,Agent,AmateurBoxer"
130,DBPEDIA_ID/Rolandas_Jasevičius,"Person,Athlete,Boxer,Agent,AmateurBoxer"
131,DBPEDIA_ID/Sean_McGoldrick,"Person,Athlete,Boxer,Agent,AmateurBoxer"
132,DBPEDIA_ID/Sergey_Vodopyanov,"Person,Athlete,Boxer,Agent,AmateurBoxer"
133,DBPEDIA_ID/Wayne_Alexander_(boxer),"Person,Athlete,Boxer,Agent,AmateurBoxer"
134,DBPEDIA_ID/Mirat_Sarsembayev,"Person,Athlete,Boxer,Agent,AmateurBoxer"
135,DBPEDIA_ID/Julio_César_La_Cruz,"Person,Athlete,Boxer,Agent,AmateurBoxer"
136,DBPEDIA_ID/Raynell_Williams,"Person,Athlete,Boxer,Agent,AmateurBoxer"
137,DBPEDIA_ID/Juan_Montiel,"Person,Athlete,Boxer,Agent,AmateurBoxer"
138,DBPEDIA_ID/Albert_Guardado,"Person,Athlete,Boxer,Agent,AmateurBoxer"
139,DBPEDIA_ID/Artur_Gevorgyan,"Person,Athlete,Boxer,Agent,AmateurBoxer"
140,DBPEDIA_ID/Boris_Kuznetsov_(boxer),"Person,Athlete,Boxer,Agent,AmateurBoxer"
141,DBPEDIA_ID/Georgios_Gazis,"Person,Athlete,Boxer,Agent,AmateurBoxer"
142,DBPEDIA_ID/Georgios_Stefanopoulos,"Person,Athlete,Boxer,Agent,AmateurBoxer"
143,"DBPEDIA_ID/Howard_Davis,_Jr.","Person,Athlete,Boxer,Agent,AmateurBoxer"
144,DBPEDIA_ID/Liu_Qiang,"Person,Athlete,Boxer,Agent,AmateurBoxer"
145,DBPEDIA_ID/Jerzy_Kulej,"Person,Athlete,Boxer,Agent,AmateurBoxer"
146,DBPEDIA_ID/Leszek_Błażyński,"Person,Athlete,Boxer,Agent,AmateurBoxer"
147,DBPEDIA_ID/Pedro_Gamarro,"Person,Athlete,Boxer,Agent,AmateurBoxer"
148,DBPEDIA_ID/Philip_Waruinge,"Person,Athlete,Boxer,Agent,AmateurBoxer"
149,DBPEDIA_ID/Christophe_Mendy,"Person,Athlete,Boxer,Agent,AmateurBoxer"
150,DBPEDIA_ID/Galib_Jafarov,"Person,Athlete,Boxer,Agent,AmateurBoxer"
151,DBPEDIA_ID/Harry_Tañamor,"Person,Athlete,Boxer,Agent,AmateurBoxer"
152,DBPEDIA_ID/Ramón_Duvalón,"Person,Athlete,Boxer,Agent,AmateurBoxer"
153,DBPEDIA_ID/Ruslan_Khairov,"Person,Athlete,Boxer,Agent,AmateurBoxer"
154,DBPEDIA_ID/Cho_Deok-jin,"Person,Athlete,Boxer,Agent,AmateurBoxer"
155,DBPEDIA_ID/Samir_El-Mais,"Person,Athlete,Boxer,Agent,AmateurBoxer"
156,DBPEDIA_ID/Vasilii_Egorov,"Person,Athlete,Boxer,Agent,AmateurBoxer"
157,DBPEDIA_ID/Vitaly_Dunaytsev,"Person,Athlete,Boxer,Agent,AmateurBoxer"
158,DBPEDIA_ID/Benson_Gicharu,"Person,Athlete,Boxer,Agent,AmateurBoxer"
159,DBPEDIA_ID/Memnun_Hadžić,"Person,Athlete,Boxer,Agent,AmateurBoxer"
160,DBPEDIA_ID/Qais_Ashfaq,"Person,Athlete,Boxer,Agent,AmateurBoxer"
161,DBPEDIA_ID/Naomi_Fischer-Rasmussen,"Person,Athlete,Boxer,Agent,AmateurBoxer"
162,DBPEDIA_ID/Alberto_Mercado,"Person,Athlete,Boxer,Agent,AmateurBoxer"
163,DBPEDIA_ID/Pornchai_Thongburan,"Person,Athlete,Boxer,Agent,AmateurBoxer"
164,DBPEDIA_ID/Serafim_Todorov,"Person,Athlete,Boxer,Agent,AmateurBoxer"
165,DBPEDIA_ID/Shane_Heaps,"Person,Athlete,Boxer,Agent,AmateurBoxer"
166,DBPEDIA_ID/Bahodirjon_Sultonov,"Person,Athlete,Boxer,Agent,AmateurBoxer"
167,DBPEDIA_ID/Bakhtiyar_Artayev,"Person,Athlete,Boxer,Agent,AmateurBoxer"
168,DBPEDIA_ID/Magomed_Aripgadjiev,"Person,Athlete,Boxer,Agent,AmateurBoxer"
169,DBPEDIA_ID/Utkirbek_Haydarov,"Person,Athlete,Boxer,Agent,AmateurBoxer"
170,DBPEDIA_ID/Vugar_Alakbarov,"Person,Athlete,Boxer,Agent,AmateurBoxer"
171,DBPEDIA_ID/Yermakhan_Ibraimov,"Person,Athlete,Boxer,Agent,AmateurBoxer"
172,DBPEDIA_ID/Pedro_Nolasco,"Person,Athlete,Boxer,Agent,AmateurBoxer"
173,DBPEDIA_ID/Andranik_Hakobyan,"Person,Athlete,Boxer,Agent,AmateurBoxer"
174,DBPEDIA_ID/Naim_Terbunja,"Person,Athlete,Boxer,Agent,AmateurBoxer"
175,DBPEDIA_ID/Ole_Svendsen,"Person,Athlete,Boxer,Agent,AmateurBoxer"
176,DBPEDIA_ID/Ramiro_Reducindo,"Person,Athlete,Boxer,Agent,AmateurBoxer"
177,DBPEDIA_ID/Yasuhiro_Suzuki,"Person,Athlete,Boxer,Agent,AmateurBoxer"
178,DBPEDIA_ID/Juan_McPherson,"Person,Athlete,Boxer,Agent,AmateurBoxer"
179,DBPEDIA_ID/Maikro_Romero,"Person,Athlete,Boxer,Agent,AmateurBoxer"
180,DBPEDIA_ID/Nils_Ramm,"Person,Athlete,Boxer,Agent,AmateurBoxer"
181,DBPEDIA_ID/Harry_Wolff_(boxer),"Person,Athlete,Boxer,Agent,AmateurBoxer"
182,DBPEDIA_ID/Shohrat_Kurbanov,"Person,Athlete,Boxer,Agent,AmateurBoxer"
183,DBPEDIA_ID/Kertson_Manswell,"Person,Athlete,Boxer,Agent,AmateurBoxer"
184,DBPEDIA_ID/Alaa_Shili,"Person,Athlete,Boxer,Agent,AmateurBoxer"
185,DBPEDIA_ID/Hong_Moo-won,"Person,Athlete,Boxer,Agent,AmateurBoxer"
186,DBPEDIA_ID/Santiago_Lovell,"Person,Athlete,Boxer,Agent,AmateurBoxer"
187,DBPEDIA_ID/Serik_Sapiyev,"Person,Athlete,Boxer,Agent,AmateurBoxer"
188,DBPEDIA_ID/Bakhyt_Sarsekbayev,"Person,Athlete,Boxer,Agent,AmateurBoxer"
189,DBPEDIA_ID/Gaydarbek_Gaydarbekov,"Person,Athlete,Boxer,Agent,AmateurBoxer"
190,DBPEDIA_ID/Nam_Singh_Thapa,"Person,Athlete,Boxer,Agent,AmateurBoxer"
191,DBPEDIA_ID/Ruslan_Myrsatayev,"Person,Athlete,Boxer,Agent,AmateurBoxer"
192,DBPEDIA_ID/Mehdi_Mirdavoudi,"Person,Athlete,Boxer,Agent,AmateurBoxer"
193,DBPEDIA_ID/Healer_Modiradilo,"Person,Athlete,Boxer,Agent,AmateurBoxer"
194,DBPEDIA_ID/Edwin_Cassiani,"Person,Athlete,Boxer,Agent,AmateurBoxer"
195,DBPEDIA_ID/Jesús_Guevara,"Person,Athlete,Boxer,Agent,AmateurBoxer"
196,DBPEDIA_ID/José_Pérez_Reyes,"Person,Athlete,Boxer,Agent,AmateurBoxer"
197,DBPEDIA_ID/Ángel_Herrera_Vera,"Person,Athlete,Boxer,Agent,AmateurBoxer"
198,DBPEDIA_ID/Karl-Heinz_Krüger,"Person,Athlete,Boxer,Agent,AmateurBoxer"
199,DBPEDIA_ID/Michael_Madsen_(boxer),"Person,Athlete,Boxer,Agent,AmateurBoxer"
200,DBPEDIA_ID/Patricio_Calero,"Person,Athlete,Boxer,Agent,AmateurBoxer"
201,DBPEDIA_ID/Teimuraz_Khurtsilava,"Person,Athlete,Boxer,Agent,AmateurBoxer"
202,DBPEDIA_ID/Yaşar_Giritli,"Person,Athlete,Boxer,Agent,AmateurBoxer"
203,DBPEDIA_ID/Alexis_Rubalcaba,"Person,Athlete,Boxer,Agent,AmateurBoxer"
204,DBPEDIA_ID/Redouane_Bouchtouk,"Person,Athlete,Boxer,Agent,AmateurBoxer"
205,DBPEDIA_ID/Vikas_Krishan_Yadav,"Person,Athlete,Boxer,Agent,AmateurBoxer"
206,DBPEDIA_ID/Walid_Cherif,"Person,Athlete,Boxer,Agent,AmateurBoxer"
207,DBPEDIA_ID/Kim_Won-il_(boxer),"Person,Athlete,Boxer,Agent,AmateurBoxer"
208,DBPEDIA_ID/Lauren_Price,"Person,Athlete,Boxer,Agent,AmateurBoxer"
209,DBPEDIA_ID/Pichai_Sayotha,"Person,Athlete,Boxer,Agent,AmateurBoxer"
210,DBPEDIA_ID/Valeriy_Sydorenko,"Person,Athlete,Boxer,Agent,AmateurBoxer"
211,DBPEDIA_ID/Volodymyr_Kravets,"Person,Athlete,Boxer,Agent,AmateurBoxer"
212,DBPEDIA_ID/Alexei_Lezin,"Person,Athlete,Boxer,Agent,AmateurBoxer"
213,DBPEDIA_ID/Mukhtarkhan_Dildabekov,"Person,Athlete,Boxer,Agent,AmateurBoxer"
214,DBPEDIA_ID/Lernik_Papyan,"Person,Athlete,Boxer,Agent,AmateurBoxer"
215,DBPEDIA_ID/Marijo_Šivolija,"Person,Athlete,Boxer,Agent,AmateurBoxer"
216,DBPEDIA_ID/Floyd_Favors,"Person,Athlete,Boxer,Agent,AmateurBoxer"
217,DBPEDIA_ID/Jaroslavas_Jakšto,"Person,Athlete,Boxer,Agent,AmateurBoxer"
218,DBPEDIA_ID/Lee_Trautsch,"Person,Athlete,Boxer,Agent,AmateurBoxer"
219,DBPEDIA_ID/Alexander_Brand,"Person,Athlete,Boxer,Agent,AmateurBoxer"
220,DBPEDIA_ID/Maimaitituersun_Qiong,"Person,Athlete,Boxer,Agent,AmateurBoxer"
221,DBPEDIA_ID/Mujandjae_Kasuto,"Person,Athlete,Boxer,Agent,AmateurBoxer"
222,DBPEDIA_ID/Jai_Opetaia,"Person,Athlete,Boxer,Agent,AmateurBoxer"
223,DBPEDIA_ID/Otis_Grant,"Person,Athlete,Boxer,Agent,AmateurBoxer"
224,DBPEDIA_ID/David_Nyika,"Person,Athlete,Boxer,Agent,AmateurBoxer"
225,DBPEDIA_ID/Diwakar_Prasad,"Person,Athlete,Boxer,Agent,AmateurBoxer"
226,DBPEDIA_ID/David_Light_(boxer),"Person,Athlete,Boxer,Agent,AmateurBoxer"
227,DBPEDIA_ID/Haji_Ally,"Person,Athlete,Boxer,Agent,AmateurBoxer"
228,DBPEDIA_ID/Jasur_Matchanov,"Person,Athlete,Boxer,Agent,AmateurBoxer"
229,DBPEDIA_ID/Mehrullah_Lassi,"Person,Athlete,Boxer,Agent,AmateurBoxer"
230,DBPEDIA_ID/Patrick_Bogere,"Person,Athlete,Boxer,Agent,AmateurBoxer"
231,DBPEDIA_ID/Luis_Deines_Pérez,"Person,Athlete,Boxer,Agent,AmateurBoxer"
232,DBPEDIA_ID/Dmitry_Vybornov,"Person,Athlete,Boxer,Agent,AmateurBoxer"
233,DBPEDIA_ID/Igor_Alborov,"Person,Athlete,Boxer,Agent,AmateurBoxer"
234,DBPEDIA_ID/Bektas_Abubakirov,"Person,Athlete,Boxer,Agent,AmateurBoxer"
235,DBPEDIA_ID/Bernard_Ngumba_Irungu,"Person,Athlete,Boxer,Agent,AmateurBoxer"
236,DBPEDIA_ID/Filip_Hrgović,"Person,Athlete,Boxer,Agent,AmateurBoxer"
237,DBPEDIA_ID/Jesper_Garnell,"Person,Athlete,Boxer,Agent,AmateurBoxer"
238,DBPEDIA_ID/Laishram_Sarita_Devi,"Person,Athlete,Boxer,Agent,AmateurBoxer"
239,DBPEDIA_ID/Oleksandr_Hvozdyk,"Person,Athlete,Boxer,Agent,AmateurBoxer"
240,DBPEDIA_ID/Wang_Xuanxuan,"Person,Athlete,Boxer,Agent,AmateurBoxer"
241,DBPEDIA_ID/Wijan_Ponlid,"Person,Athlete,Boxer,Agent,AmateurBoxer"
242,DBPEDIA_ID/Christopher_Camat,"Person,Athlete,Boxer,Agent,AmateurBoxer"
243,DBPEDIA_ID/Nikhat_Zareen,"Person,Athlete,Boxer,Agent,AmateurBoxer"
244,DBPEDIA_ID/Oleksiy_Mazikin,"Person,Athlete,Boxer,Agent,AmateurBoxer"
245,DBPEDIA_ID/Michael_Medor,"Person,Athlete,Boxer,Agent,AmateurBoxer"
246,DBPEDIA_ID/Sven_Paris,"Person,Athlete,Boxer,Agent,AmateurBoxer"
247,DBPEDIA_ID/Aliasker_Bashirov,"Person,Athlete,Boxer,Agent,AmateurBoxer"
248,DBPEDIA_ID/Angel_Espinosa,"Person,Athlete,Boxer,Agent,AmateurBoxer"
249,DBPEDIA_ID/Tadeusz_Walasek,"Person,Athlete,Boxer,Agent,AmateurBoxer"
250,DBPEDIA_ID/Sebastian_Köber,"Person,Athlete,Boxer,Agent,AmateurBoxer"
251,DBPEDIA_ID/Yamaguchi_Falcão,"Person,Athlete,Boxer,Agent,AmateurBoxer"
252,DBPEDIA_ID/Endalkachew_Kebede,"Person,Athlete,Boxer,Agent,AmateurBoxer"
253,DBPEDIA_ID/István_Gáli,"Person,Athlete,Boxer,Agent,AmateurBoxer"
254,DBPEDIA_ID/Pietro_Aurino,"Person,Athlete,Boxer,Agent,AmateurBoxer"
255,DBPEDIA_ID/Denys_Berinchyk,"Person,Athlete,Boxer,Agent,AmateurBoxer"
256,DBPEDIA_ID/Elvin_Mamishzada,"Person,Athlete,Boxer,Agent,AmateurBoxer"
257,DBPEDIA_ID/Jeff_Horn,"Person,Athlete,Boxer,Agent,AmateurBoxer"
258,DBPEDIA_ID/Rashi_Ali_Hadj_Matumla,"Person,Athlete,Boxer,Agent,AmateurBoxer"
259,DBPEDIA_ID/Jackson_Chanet,"Person,Athlete,Boxer,Agent,AmateurBoxer"
260,DBPEDIA_ID/Andreas_Zülow,"Person,Athlete,Boxer,Agent,AmateurBoxer"
261,DBPEDIA_ID/Luis_Román_Rolón,"Person,Athlete,Boxer,Agent,AmateurBoxer"
262,DBPEDIA_ID/Maksym_Tretyak,"Person,Athlete,Boxer,Agent,AmateurBoxer"
263,DBPEDIA_ID/Shawn_Terry_Cox,"Person,Athlete,Boxer,Agent,AmateurBoxer"
264,DBPEDIA_ID/Jürgen_Fanghänel,"Person,Athlete,Boxer,Agent,AmateurBoxer"
265,DBPEDIA_ID/Mahammatkodir_Abdullaev,"Person,Athlete,Boxer,Agent,AmateurBoxer"
266,DBPEDIA_ID/Patrick_López,"Person,Athlete,Boxer,Agent,AmateurBoxer"
267,DBPEDIA_ID/János_Váradi,"Person,Athlete,Boxer,Agent,AmateurBoxer"
268,DBPEDIA_ID/Wilhelm_Gratschow,"Person,Athlete,Boxer,Agent,AmateurBoxer"
269,DBPEDIA_ID/Albert_Selimov,"Person,Athlete,Boxer,Agent,AmateurBoxer"
270,DBPEDIA_ID/Ali_Mazaheri,"Person,Athlete,Boxer,Agent,AmateurBoxer"
271,DBPEDIA_ID/Aziz_Ali_(boxer),"Person,Athlete,Boxer,Agent,AmateurBoxer"
272,DBPEDIA_ID/Carlos_Banteux,"Person,Athlete,Boxer,Agent,AmateurBoxer"
273,DBPEDIA_ID/Georgy_Balakshin,"Person,Athlete,Boxer,Agent,AmateurBoxer"
274,DBPEDIA_ID/Jean-Paul_Mendy,"Person,Athlete,Boxer,Agent,AmateurBoxer"
275,DBPEDIA_ID/Khedafi_Djelkhir,"Person,Athlete,Boxer,Agent,AmateurBoxer"
276,DBPEDIA_ID/Miguel_Jiménez,"Person,Athlete,Boxer,Agent,AmateurBoxer"
277,DBPEDIA_ID/Roberto_Cammarelle,"Person,Athlete,Boxer,Agent,AmateurBoxer"
278,DBPEDIA_ID/Shahin_Imranov,"Person,Athlete,Boxer,Agent,AmateurBoxer"
279,DBPEDIA_ID/Taras_Shelestyuk,"Person,Athlete,Boxer,Agent,AmateurBoxer"
280,DBPEDIA_ID/Troy_Amos-Ross,"Person,Athlete,Boxer,Agent,AmateurBoxer"
281,DBPEDIA_ID/Alexander_Espinoza,"Person,Athlete,Boxer,Agent,AmateurBoxer"
282,DBPEDIA_ID/Mirzhan_Rakhimzhanov,"Person,Athlete,Boxer,Agent,AmateurBoxer"
283,DBPEDIA_ID/David_Cadieux,"Person,Athlete,Boxer,Agent,AmateurBoxer"
284,DBPEDIA_ID/Elshod_Rasulov,"Person,Athlete,Boxer,Agent,AmateurBoxer"
285,DBPEDIA_ID/Suban_Pannon,"Person,Athlete,Boxer,Agent,AmateurBoxer"
286,DBPEDIA_ID/Abdelaziz_Touilbini,"Person,Athlete,Boxer,Agent,AmateurBoxer"
287,"DBPEDIA_ID/Francisco_Rodríguez_(boxer,_born_1945)","Person,Athlete,Boxer,Agent,AmateurBoxer"
288,DBPEDIA_ID/Ferenc_Nagy_(boxer),"Person,Athlete,Boxer,Agent,AmateurBoxer"
289,DBPEDIA_ID/George_Scott_(boxer),"Person,Athlete,Boxer,Agent,AmateurBoxer"
290,DBPEDIA_ID/Satoshi_Shimizu,"Person,Athlete,Boxer,Agent,AmateurBoxer"
291,DBPEDIA_ID/Eddie_Valenzuela,"Person,Athlete,Boxer,Agent,AmateurBoxer"
292,DBPEDIA_ID/Joseph_Cordina,"Person,Athlete,Boxer,Agent,AmateurBoxer"
293,DBPEDIA_ID/Victor_Hugo_Castro,"Person,Athlete,Boxer,Agent,AmateurBoxer"
294,DBPEDIA_ID/Violito_Payla,"Person,Athlete,Boxer,Agent,AmateurBoxer"
295,DBPEDIA_ID/Erislandy_Savón,"Person,Athlete,Boxer,Agent,AmateurBoxer"
296,DBPEDIA_ID/Somluck_Kamsing,"Person,Athlete,Boxer,Agent,AmateurBoxer"
297,DBPEDIA_ID/Aleksandr_Lebziak,"Person,Athlete,Boxer,Agent,AmateurBoxer"
298,DBPEDIA_ID/Art_Binkowski,"Person,Athlete,Boxer,Agent,AmateurBoxer"
299,DBPEDIA_ID/Evgeny_Tishchenko,"Person,Athlete,Boxer,Agent,AmateurBoxer"
300,DBPEDIA_ID/Jesse_Ross,"Person,Athlete,Boxer,Agent,AmateurBoxer"
301,DBPEDIA_ID/Johan_Linde,"Person,Athlete,Boxer,Agent,AmateurBoxer"
302,DBPEDIA_ID/René_Monse,"Person,Athlete,Boxer,Agent,AmateurBoxer"
303,DBPEDIA_ID/Sherzod_Abdurahmonov,"Person,Athlete,Boxer,Agent,AmateurBoxer"
304,DBPEDIA_ID/Guillermo_Lovell,"Person,Athlete,Boxer,Agent,AmateurBoxer"
305,DBPEDIA_ID/Douglas_Rodríguez_(boxer),"Person,Athlete,Boxer,Agent,AmateurBoxer"
306,DBPEDIA_ID/Carlos_Barreto,"Person,Athlete,Boxer,Agent,AmateurBoxer"
307,DBPEDIA_ID/Laudelino_Barros,"Person,Athlete,Boxer,Agent,AmateurBoxer"
308,DBPEDIA_ID/Sabin_Bornei,"Person,Athlete,Boxer,Agent,AmateurBoxer"
309,DBPEDIA_ID/Carlos_Tamara,"Person,Athlete,Boxer,Agent,AmateurBoxer"
310,DBPEDIA_ID/Eric_Griffin_(boxer),"Person,Athlete,Boxer,Agent,AmateurBoxer"
311,DBPEDIA_ID/Tommy_Nakashimba,"Person,Athlete,Boxer,Agent,AmateurBoxer"
312,DBPEDIA_ID/Bulat_Zhumadilov,"Person,Athlete,Boxer,Agent,AmateurBoxer"
313,DBPEDIA_ID/Elias_Pavlidis,"Person,Athlete,Boxer,Agent,AmateurBoxer"
314,DBPEDIA_ID/Liborio_Romero,"Person,Athlete,Boxer,Agent,AmateurBoxer"
315,DBPEDIA_ID/Manus_Boonjumnong,"Person,Athlete,Boxer,Agent,AmateurBoxer"
316,DBPEDIA_ID/Masatsugu_Kawachi,"Person,Athlete,Boxer,Agent,AmateurBoxer"
317,DBPEDIA_ID/James_Wallington,"Person,Athlete,Boxer,Agent,AmateurBoxer"
318,DBPEDIA_ID/Paul_Miller_(boxer),"Person,Athlete,Boxer,Agent,AmateurBoxer"
319,DBPEDIA_ID/Ramadan_Yasser,"Person,Athlete,Boxer,Agent,AmateurBoxer"
320,DBPEDIA_ID/Yan_Bartelemí,"Person,Athlete,Boxer,Agent,AmateurBoxer"
321,DBPEDIA_ID/Gustaf_Bergman,"Person,Athlete,Boxer,Agent,AmateurBoxer"
322,DBPEDIA_ID/Hamid_Berhili,"Person,Athlete,Boxer,Agent,AmateurBoxer"
323,DBPEDIA_ID/István_Kovács_(boxer),"Person,Athlete,Boxer,Agent,AmateurBoxer"
324,DBPEDIA_ID/Li_Yang_(boxer),"Person,Athlete,Boxer,Agent,AmateurBoxer"
325,DBPEDIA_ID/Yusuf_Öztürk_(boxer),"Person,Athlete,Boxer,Agent,AmateurBoxer"
326,DBPEDIA_ID/Aníbal_Santiago_Acevedo,"Person,Athlete,Boxer,Agent,AmateurBoxer"
327,DBPEDIA_ID/Detlef_Kästner,"Person,Athlete,Boxer,Agent,AmateurBoxer"
328,DBPEDIA_ID/Lechedzani_Luza,"Person,Athlete,Boxer,Agent,AmateurBoxer"
329,DBPEDIA_ID/Michael_Simms_(boxer),"Person,Athlete,Boxer,Agent,AmateurBoxer"
330,DBPEDIA_ID/Stanislav_Stepashkin,"Person,Athlete,Boxer,Agent,AmateurBoxer"
331,DBPEDIA_ID/Stephen_Sutherland,"Person,Athlete,Boxer,Agent,AmateurBoxer"
332,DBPEDIA_ID/Harry_Mallin,"Person,Athlete,Boxer,Agent,AmateurBoxer"
333,DBPEDIA_ID/Richard_Nowakowski,"Person,Athlete,Boxer,Agent,AmateurBoxer"
334,DBPEDIA_ID/Abdelhafid_Benchabla,"Person,Athlete,Boxer,Agent,AmateurBoxer"
335,DBPEDIA_ID/Bai_Chongguang,"Person,Athlete,Boxer,Agent,AmateurBoxer"
336,DBPEDIA_ID/Serhiy_Derevianchenko,"Person,Athlete,Boxer,Agent,AmateurBoxer"
337,DBPEDIA_ID/Xavier_Noël,"Person,Athlete,Boxer,Agent,AmateurBoxer"
338,DBPEDIA_ID/Jahon_Qurbonov,"Person,Athlete,Boxer,Agent,AmateurBoxer"
339,DBPEDIA_ID/Alfonso_Pinto,"Person,Athlete,Boxer,Agent,AmateurBoxer"
340,DBPEDIA_ID/Andrzej_Liczik,"Person,Athlete,Boxer,Agent,AmateurBoxer"
341,DBPEDIA_ID/Andrzej_Rżany,"Person,Athlete,Boxer,Agent,AmateurBoxer"
342,DBPEDIA_ID/Nikoloz_Izoria,"Person,Athlete,Boxer,Agent,AmateurBoxer"
343,DBPEDIA_ID/Pál_Bedák,"Person,Athlete,Boxer,Agent,AmateurBoxer"
344,DBPEDIA_ID/Raúl_Castañeda,"Person,Athlete,Boxer,Agent,AmateurBoxer"
345,DBPEDIA_ID/Mohamed_Hikal,"Person,Athlete,Boxer,Agent,AmateurBoxer"
346,DBPEDIA_ID/Yosvani_Aguilera,"Person,Athlete,Boxer,Agent,AmateurBoxer"
347,DBPEDIA_ID/Justin_Kane,"Person,Athlete,Boxer,Agent,AmateurBoxer"
348,DBPEDIA_ID/Alessio_di_Savino,"Person,Athlete,Boxer,Agent,AmateurBoxer"
349,DBPEDIA_ID/Hermensen_Ballo,"Person,Athlete,Boxer,Agent,AmateurBoxer"
350,DBPEDIA_ID/Santiago_Palavecino,"Person,Athlete,Boxer,Agent,AmateurBoxer"
351,DBPEDIA_ID/Daniel_Beahan,"Person,Athlete,Boxer,Agent,AmateurBoxer"
352,DBPEDIA_ID/Serhiy_Horodnichov,"Person,Athlete,Boxer,Agent,AmateurBoxer"
353,DBPEDIA_ID/Sean_McGlinchy,"Person,Athlete,Boxer,Agent,AmateurBoxer"
354,DBPEDIA_ID/Kim_Song-guk,"Person,Athlete,Boxer,Agent,AmateurBoxer"
355,DBPEDIA_ID/Bep_van_Klaveren,"Person,Athlete,Boxer,Agent,AmateurBoxer"
356,DBPEDIA_ID/Armando_Martínez_(boxer),"Person,Athlete,Boxer,Agent,AmateurBoxer"
357,DBPEDIA_ID/Juan_Carlos_Lemus,"Person,Athlete,Boxer,Agent,AmateurBoxer"
358,DBPEDIA_ID/Jeyhun_Abiyev,"Person,Athlete,Boxer,Agent,AmateurBoxer"
359,DBPEDIA_ID/Josh_Taylor_(boxer),"Person,Athlete,Boxer,Agent,AmateurBoxer"
360,DBPEDIA_ID/José_Aguilar_(boxer),"Person,Athlete,Boxer,Agent,AmateurBoxer"
361,DBPEDIA_ID/Juan_Medina_Herrad,"Person,Athlete,Boxer,Agent,AmateurBoxer"
362,DBPEDIA_ID/Magomed_Omarov_(boxer),"Person,Athlete,Boxer,Agent,AmateurBoxer"
363,DBPEDIA_ID/Zsolt_Bedák,"Person,Athlete,Boxer,Agent,AmateurBoxer"
364,DBPEDIA_ID/Andriy_Fedchuk,"Person,Athlete,Boxer,Agent,AmateurBoxer"
365,DBPEDIA_ID/Gennady_Kovalev,"Person,Athlete,Boxer,Agent,AmateurBoxer"
366,DBPEDIA_ID/Mohamed_Allalou,"Person,Athlete,Boxer,Agent,AmateurBoxer"
367,DBPEDIA_ID/Sergey_Mihaylov,"Person,Athlete,Boxer,Agent,AmateurBoxer"
368,DBPEDIA_ID/Serik_Yeleuov,"Person,Athlete,Boxer,Agent,AmateurBoxer"
369,DBPEDIA_ID/Worapoj_Petchkoom,"Person,Athlete,Boxer,Agent,AmateurBoxer"
370,DBPEDIA_ID/Mike_Sekabembe,"Person,Athlete,Boxer,Agent,AmateurBoxer"
371,DBPEDIA_ID/Michel_López_Núñez,"Person,Athlete,Boxer,Agent,AmateurBoxer"
372,DBPEDIA_ID/Tulashboy_Doniyorov,"Person,Athlete,Boxer,Agent,AmateurBoxer"
373,DBPEDIA_ID/Somrot_Kamsing,"Person,Athlete,Boxer,Agent,AmateurBoxer"
374,DBPEDIA_ID/Walter_Crucce,"Person,Athlete,Boxer,Agent,AmateurBoxer"
375,DBPEDIA_ID/Albert_Pakeyev,"Person,Athlete,Boxer,Agent,AmateurBoxer"
376,DBPEDIA_ID/Andrés_Aldama,"Person,Athlete,Boxer,Agent,AmateurBoxer"
377,DBPEDIA_ID/Jorge_Gutiérrez_(boxer),"Person,Athlete,Boxer,Agent,AmateurBoxer"
378,DBPEDIA_ID/Jyri_Kjäll,"Person,Athlete,Boxer,Agent,AmateurBoxer"
379,DBPEDIA_ID/Kenneth_Gould,"Person,Athlete,Boxer,Agent,AmateurBoxer"
380,DBPEDIA_ID/Marios_Kaperonis,"Person,Athlete,Boxer,Agent,AmateurBoxer"
381,DBPEDIA_ID/Petar_Lesov,"Person,Athlete,Boxer,Agent,AmateurBoxer"
382,DBPEDIA_ID/Róbert_Isaszegi,"Person,Athlete,Boxer,Agent,AmateurBoxer"
383,DBPEDIA_ID/Serhiy_Danylchenko,"Person,Athlete,Boxer,Agent,AmateurBoxer"
384,DBPEDIA_ID/Zoltan_Lunka,"Person,Athlete,Boxer,Agent,AmateurBoxer"
385,DBPEDIA_ID/Richard_Murunga,"Person,Athlete,Boxer,Agent,AmateurBoxer"
386,DBPEDIA_ID/Benjamin_Mwangata,"Person,Athlete,Boxer,Agent,AmateurBoxer"
387,DBPEDIA_ID/Romeo_Brin,"Person,Athlete,Boxer,Agent,AmateurBoxer"
388,DBPEDIA_ID/Reece_McFadden,"Person,Athlete,Boxer,Agent,AmateurBoxer"
389,DBPEDIA_ID/Herry_Saliku_Biembe,"Person,Athlete,Boxer,Agent,AmateurBoxer"
390,DBPEDIA_ID/Wang_Jianzheng,"Person,Athlete,Boxer,Agent,AmateurBoxer"
391,DBPEDIA_ID/Andrew_Moloney,"Person,Athlete,Boxer,Agent,AmateurBoxer"
392,DBPEDIA_ID/Asylbek_Talasbayev,"Person,Athlete,Boxer,Agent,AmateurBoxer"
393,DBPEDIA_ID/George_Olteanu,"Person,Athlete,Boxer,Agent,AmateurBoxer"
394,DBPEDIA_ID/Sergey_Kazakov,"Person,Athlete,Boxer,Agent,AmateurBoxer"
395,DBPEDIA_ID/Georgiy_Chygayev,"Person,Athlete,Boxer,Agent,AmateurBoxer"
396,DBPEDIA_ID/Josué_Blocus,"Person,Athlete,Boxer,Agent,AmateurBoxer"
397,DBPEDIA_ID/Kim_Ki-suk,"Person,Athlete,Boxer,Agent,AmateurBoxer"
398,DBPEDIA_ID/Olexandr_Stretskyy,"Person,Athlete,Boxer,Agent,AmateurBoxer"
399,DBPEDIA_ID/Evhen_Khytrov,"Person,Athlete,Boxer,Agent,AmateurBoxer"
400,DBPEDIA_ID/Julius_Indongo,"Person,Athlete,Boxer,Agent,AmateurBoxer"
401,DBPEDIA_ID/Hussein_Hussein,"Person,Athlete,Boxer,Agent,AmateurBoxer"
402,DBPEDIA_ID/Joe_Fitzpatrick_(boxer),"Person,Athlete,Boxer,Agent,AmateurBoxer"
403,DBPEDIA_ID/Oleksandr_Klyuchko,"Person,Athlete,Boxer,Agent,AmateurBoxer"
404,DBPEDIA_ID/Robert_Alfonso,"Person,Athlete,Boxer,Agent,AmateurBoxer"
405,DBPEDIA_ID/Yerkebulan_Shynaliyev,"Person,Athlete,Boxer,Agent,AmateurBoxer"
406,DBPEDIA_ID/John_Dovi,"Person,Athlete,Boxer,Agent,AmateurBoxer"
407,DBPEDIA_ID/Dingko_Singh,"Person,Athlete,Boxer,Agent,AmateurBoxer"
408,DBPEDIA_ID/Rafael_Carbonell,"Person,Athlete,Boxer,Agent,AmateurBoxer"
409,DBPEDIA_ID/Aram_Ramazyan,"Person,Athlete,Boxer,Agent,AmateurBoxer"
410,DBPEDIA_ID/Elias_Recaido,"Person,Athlete,Boxer,Agent,AmateurBoxer"
411,DBPEDIA_ID/Kirkor_Kirkorov,"Person,Athlete,Boxer,Agent,AmateurBoxer"
412,DBPEDIA_ID/Oscar_Andrén,"Person,Athlete,Boxer,Agent,AmateurBoxer"
413,DBPEDIA_ID/Anoushiravan_Nourian,"Person,Athlete,Boxer,Agent,AmateurBoxer"
414,DBPEDIA_ID/Gerry_Legras,"Person,Athlete,Boxer,Agent,AmateurBoxer"
415,DBPEDIA_ID/Kitson_Julie,"Person,Athlete,Boxer,Agent,AmateurBoxer"
416,DBPEDIA_ID/Michael_Pillay,"Person,Athlete,Boxer,Agent,AmateurBoxer"
417,DBPEDIA_ID/Ramy_Zialor,"Person,Athlete,Boxer,Agent,AmateurBoxer"
418,DBPEDIA_ID/Roland_Raforme,"Person,Athlete,Boxer,Agent,AmateurBoxer"
419,DBPEDIA_ID/Yushan_Nijiati,"Person,Athlete,Boxer,Agent,AmateurBoxer"
420,DBPEDIA_ID/Muhammad_Waseem,"Person,Athlete,Boxer,Agent,AmateurBoxer"
421,DBPEDIA_ID/Shelley_Watts,"Person,Athlete,Boxer,Agent,AmateurBoxer"
422,DBPEDIA_ID/Teymur_Mammadov,"Person,Athlete,Boxer,Agent,AmateurBoxer"
423,DBPEDIA_ID/Kanat_Abutalipov,"Person,Athlete,Boxer,Agent,AmateurBoxer"
424,DBPEDIA_ID/Mikhail_Yurchenko,"Person,Athlete,Boxer,Agent,AmateurBoxer"
425,DBPEDIA_ID/Oleksandr_Zubrihin,"Person,Athlete,Boxer,Agent,AmateurBoxer"
426,DBPEDIA_ID/Selim_Palyani,"Person,Athlete,Boxer,Agent,AmateurBoxer"
427,DBPEDIA_ID/Serhiy_Kovhanko,"Person,Athlete,Boxer,Agent,AmateurBoxer"
428,DBPEDIA_ID/Esquiva_Florentino,"Person,Athlete,Boxer,Agent,AmateurBoxer"
429,DBPEDIA_ID/Jackson_Woods,"Person,Athlete,Boxer,Agent,AmateurBoxer"
430,DBPEDIA_ID/Lázaro_Álvarez,"Person,Athlete,Boxer,Agent,AmateurBoxer"
431,DBPEDIA_ID/Jean_Pérez,"Person,Athlete,Boxer,Agent,AmateurBoxer"
432,DBPEDIA_ID/Kwamena_Turkson,"Person,Athlete,Boxer,Agent,AmateurBoxer"
433,DBPEDIA_ID/Shekie_Kongo,"Person,Athlete,Boxer,Agent,AmateurBoxer"
434,DBPEDIA_ID/Tony_Yoka,"Person,Athlete,Boxer,Agent,AmateurBoxer"
435,DBPEDIA_ID/Joseph_Joyce,"Person,Athlete,Boxer,Agent,AmateurBoxer"
436,DBPEDIA_ID/Geovany_Baca,"Person,Athlete,Boxer,Agent,AmateurBoxer"
437,DBPEDIA_ID/Igor_Samoilenco,"Person,Athlete,Boxer,Agent,AmateurBoxer"
438,DBPEDIA_ID/Jasmin_Hasić,"Person,Athlete,Boxer,Agent,AmateurBoxer"
439,DBPEDIA_ID/Fletcher_Kapito,"Person,Athlete,Boxer,Agent,AmateurBoxer"
440,DBPEDIA_ID/Anicet_Rasoanaivo,"Person,Athlete,Boxer,Agent,AmateurBoxer"
441,DBPEDIA_ID/La_Paene_Masara,"Person,Athlete,Boxer,Agent,AmateurBoxer"
442,DBPEDIA_ID/Oh_Kwang-soo,"Person,Athlete,Boxer,Agent,AmateurBoxer"
443,DBPEDIA_ID/Nathan_Thorley,"Person,Athlete,Boxer,Agent,AmateurBoxer"
444,DBPEDIA_ID/Yenebier_Guillén,"Person,Athlete,Boxer,Agent,AmateurBoxer"
